"station","scale_months","selected_model","n","chronological_normalized_PIT_acf1","maximum_absolute_monthly_acf1","median_monthly_acf1"
17802,1,"sigma_time",731,0.127374950948217,0.259820258507497,-0.0194952908106169
17802,3,"sigma_time",729,0.687631548274575,0.254983471369892,0.00723144929513339
17802,6,"sigma_time",726,0.852053984439247,0.165727760679583,0.0329819254240786
17802,12,"sigma_time",720,0.92285506303344,0.0978935426636486,-0.0298831834174113
17837,1,"sigma_time",731,0.0796389250900271,0.25820346591676,-0.0983907433913758
17837,3,"sigma_time",729,0.682400788454437,0.262569473504893,-0.0982415126175206
17837,6,"sigma_time",726,0.851473309954603,0.218584985167105,-0.0662563582951527
17837,12,"sigma_time",720,0.921279110531444,0.144018683197945,-0.0607500991941085
17840,1,"sigma_time",731,0.155614258462117,0.200403106464112,-0.00579536593638306
17840,3,"sigma_time",729,0.710563559173901,0.242776218953447,0.0281503502816096
17840,6,"sigma_time",726,0.873664019830412,0.240011701055844,0.0819717112586667
17840,12,"sigma_time",720,0.938374832837247,0.176480546707542,0.106750089246194
17906,3,"sigma_time",729,0.671185637064868,0.263594059640595,-0.0423669181414591
17906,6,"sigma_time",726,0.817308115848062,0.163166621555532,-0.104404090654122
17906,12,"sigma_time",720,0.905877336368685,0.260520720733933,-0.184415915746046
17936,6,"sigma_time",726,0.830060686888712,0.289652921163637,-0.0421387418662976
17936,12,"sigma_time",720,0.92156787623355,0.106988789647282,-3.02566235893054e-05
