"station","scale_months","selected_model","month","n","normalized_PIT_acf1","normalized_PIT_mean","normalized_PIT_sd","sigma_slope"
17802,1,"sigma_time",1,60,0.0962725319533729,-0.00907272825941665,1.00140424104238,-0.0385377520607798
17802,1,"sigma_time",2,61,-0.0510679834024421,-0.0126222188417415,0.99344038384595,-0.0580207615539259
17802,1,"sigma_time",3,61,0.0129870314925686,-0.0329271489015357,0.985148193242165,-0.0121245228046609
17802,1,"sigma_time",4,61,0.013339360240642,-0.0355347154850876,0.998785616134661,-0.0652884004927831
17802,1,"sigma_time",5,61,-0.163922190848635,-0.0229661795069212,0.991389323375136,-0.0412608649555154
17802,1,"sigma_time",6,61,-0.00887869049337838,-0.0140064346440221,1.00365714107699,-0.0454155268621963
17802,1,"sigma_time",7,61,-0.134368582460072,-0.00914256326933208,0.998157780181898,-0.0489994161037042
17802,1,"sigma_time",8,61,-0.0301118911278553,-0.0261122015350607,0.99966381967936,-0.102646099648628
17802,1,"sigma_time",9,61,-0.259820258507497,-0.00902570337154103,1.00423115394583,-0.0531936163766604
17802,1,"sigma_time",10,61,0.0475249908674565,-0.0091340296344367,0.987020358038984,-0.0501722076163598
17802,1,"sigma_time",11,61,0.0847608363083606,-0.0154463477756387,0.999041766433619,-0.0693813957333703
17802,1,"sigma_time",12,61,-0.178550881921861,-0.00974249829732408,0.99060363333412,-0.145101502458857
17802,3,"sigma_time",1,60,-0.142391864137834,-0.0177355321161178,0.998994831627156,-0.108107959622292
17802,3,"sigma_time",2,60,0.088523766680489,-0.0290296250723278,0.984927030649151,-0.12539035230109
17802,3,"sigma_time",3,60,0.254983471369892,-0.0294257564758335,0.994097967411543,-0.0493270387415116
17802,3,"sigma_time",4,61,0.0243310600543951,-0.0227327717471537,0.998844161954333,-0.0651068319884925
17802,3,"sigma_time",5,61,0.102525863722494,-0.0405919326715417,1.00513477526684,-0.066565466738436
17802,3,"sigma_time",6,61,-0.120408839656728,-0.0291365956433127,1.01790509777439,-0.107904591680322
17802,3,"sigma_time",7,61,-0.124981736645147,-0.0218480834629695,0.995919762924029,-0.0586384748919093
17802,3,"sigma_time",8,61,-0.00986816146412832,-0.0322719997167738,1.00196472644498,-0.04953601675832
17802,3,"sigma_time",9,61,-0.194433880927302,-0.00849377271335142,0.988800747450711,-0.0689805800473569
17802,3,"sigma_time",10,61,-0.024838012373495,-0.00902833605974283,0.996455515507939,-0.0723708611190488
17802,3,"sigma_time",11,61,0.10105772684006,-0.00932996861019699,0.998202123421727,-0.0463396861616864
17802,3,"sigma_time",12,61,0.0668724121303228,-0.00243384030354377,0.988283078058998,-0.0723221534962855
17802,6,"sigma_time",1,60,0.0243181555365031,-0.00412524504180264,0.992666694662596,-0.0734703903633717
17802,6,"sigma_time",2,60,0.147684203068799,-0.014061823215237,0.988980536150906,-0.0770637561723874
17802,6,"sigma_time",3,60,0.108255724937871,-0.0356539878518743,0.987676623105078,-0.0608187335881851
17802,6,"sigma_time",4,60,0.0346983783372022,-0.0442605955800798,0.986430928972189,-0.0758709421863407
17802,6,"sigma_time",5,60,0.143402214640382,-0.0485074479757546,1.03475201093164,-0.0667114168260256
17802,6,"sigma_time",6,60,-0.0309951267414241,-0.0291896704568818,1.03727334324636,-0.0840133718582795
17802,6,"sigma_time",7,61,-0.0849820980121488,-0.0199720712371347,1.02280677226152,-0.0993771150227575
17802,6,"sigma_time",8,61,-0.0793284426617979,-0.034085810989408,1.00774872457431,-0.0757827926676136
17802,6,"sigma_time",9,61,-0.144323117425619,-0.0210467432814753,0.994681962416123,-0.0779838933332637
17802,6,"sigma_time",10,61,0.0312654725109551,-0.0132451317701281,0.9901160233046,-0.0597277439321846
17802,6,"sigma_time",11,61,0.0556871706144656,-0.0136391547976633,1.00193617292648,-0.0541371267077357
17802,6,"sigma_time",12,61,0.165727760679583,-0.0196211245475305,0.996455634448657,-0.0516248794648893
17802,12,"sigma_time",1,60,-0.0978935426636486,0.0004392452835615,0.97897378747056,-0.0931209498514087
17802,12,"sigma_time",2,60,-0.000582571722930459,-0.0133363725888127,0.991622647902288,-0.0728366097983677
17802,12,"sigma_time",3,60,-0.0252733706251256,-0.00923619655119459,0.990598045949137,-0.0767487320537972
17802,12,"sigma_time",4,60,0.0199309928195922,-0.00961760475054173,0.986555154868923,-0.0779169241490136
17802,12,"sigma_time",5,60,-0.00973810348504353,-0.0195078675120967,1.00517662004916,-0.0699315443657044
17802,12,"sigma_time",6,60,-0.022292427507054,-0.0404874430211355,1.00608675926936,-0.0755600750727944
17802,12,"sigma_time",7,60,-0.0512582208151308,-0.044342190342903,0.998334906171303,-0.0740634314285188
17802,12,"sigma_time",8,60,-0.0344929962096969,-0.0482748960776163,1.00219900068993,-0.0646120433586498
17802,12,"sigma_time",9,60,-0.0597605782249747,-0.0518636671579505,1.00141201083916,-0.0593527974295349
17802,12,"sigma_time",10,60,-0.0165490577198605,-0.0414245993494044,0.987171137414168,-0.0672840103181299
17802,12,"sigma_time",11,60,-0.0624323077612053,-0.0159644747702799,0.988290972046935,-0.0850759446669185
17802,12,"sigma_time",12,60,-0.0371217704860012,-0.00893446222965395,0.981130149257762,-0.0837916322279189
17837,1,"sigma_time",1,60,-0.0922961927695445,-0.0149082031787382,0.998735826370302,-0.0426015824718819
17837,1,"sigma_time",2,61,-0.0915897847417879,-0.031685879700253,0.999716207565591,-0.0209577073797643
17837,1,"sigma_time",3,61,-0.00260122543645381,-0.0202437830353263,0.997911667930121,-0.0371600366982526
17837,1,"sigma_time",4,61,-0.142026652434646,-0.0607423200912594,0.98883097615288,-0.0411306798479494
17837,1,"sigma_time",5,61,-0.11786766086533,-0.0188936992141626,0.998015815573457,-0.0339689635886845
17837,1,"sigma_time",6,61,0.114297190729626,-0.0156683344072894,0.995481026527402,-0.0653427755109939
17837,1,"sigma_time",7,61,-0.25820346591676,-0.0146053149369624,1.00800043191633,-0.11614376550058
17837,1,"sigma_time",8,61,-0.204671066755256,-0.00215368213193704,1.04368364779139,-0.11275737617557
17837,1,"sigma_time",9,61,-0.245202030147153,0.0045851124487806,1.00348199287302,-0.092701537392902
17837,1,"sigma_time",10,61,0.00185267245989463,-0.0101510576997363,0.991184755846429,-0.109355377325285
17837,1,"sigma_time",11,61,0.0946580193924248,-0.00577287851393214,0.993552051268723,-0.13166594422081
17837,1,"sigma_time",12,61,-0.104485294013207,-0.0190018670076272,1.00136965015102,-0.134269396406982
17837,3,"sigma_time",1,60,-0.101460926397655,-0.0153720806040788,1.01368612503658,-0.103605731381583
17837,3,"sigma_time",2,60,0.0571997241566288,-0.0610772666310884,1.00278350223789,-0.0712110559534174
17837,3,"sigma_time",3,60,0.0135707508888808,-0.0179979832174751,0.993024164720917,-0.0684852648236765
17837,3,"sigma_time",4,61,-0.155152151856278,-0.0474292221454681,0.994296510939723,-0.0535222355537492
17837,3,"sigma_time",5,61,-0.171227782141208,-0.058501894519898,1.00362129188292,-0.0528363413091111
17837,3,"sigma_time",6,61,-0.189260067157082,-0.0468928796411552,1.00484218802667,-0.065930988999517
17837,3,"sigma_time",7,61,-0.0950220988373866,-0.0367184233418648,0.993658407983141,-0.0861340447227801
17837,3,"sigma_time",8,61,-0.117423056681963,-0.0180150789655318,0.993373555383904,-0.125705063127491
17837,3,"sigma_time",9,61,-0.262569473504893,0.0140607041916399,1.00376888983418,-0.108242603904995
17837,3,"sigma_time",10,61,-0.0798056945644733,0.00238849850296678,1.00517699390798,-0.140170378801275
17837,3,"sigma_time",11,61,0.000714188822697576,0.00409171542490237,0.994017424364084,-0.112180200567097
17837,3,"sigma_time",12,61,0.116557796369507,0.00991133492004894,0.986675926829218,-0.149854066832838
17837,6,"sigma_time",1,60,0.0122129602976498,0.0308460836831693,0.994431243469143,-0.185146757013257
17837,6,"sigma_time",2,60,0.101837314265584,0.0169319725205198,1.00049441016273,-0.102505719880608
17837,6,"sigma_time",3,60,0.127618971592092,-0.0029473217305831,0.985780966245311,-0.0885548419675728
17837,6,"sigma_time",4,60,-0.111073702614486,-0.0270465986713857,0.982474076481875,-0.0780519608300093
17837,6,"sigma_time",5,60,-0.0506609072385403,-0.0413752461378635,1.00150674664268,-0.0796254138497264
17837,6,"sigma_time",6,60,-0.0820118102110319,-0.0539350290976629,1.00215712720195,-0.0753336835013549
17837,6,"sigma_time",7,61,-0.213350702716375,-0.0529178088136529,1.01560517772505,-0.0762419720501306
17837,6,"sigma_time",8,61,-0.218584985167105,-0.0420116852129253,1.00150450927489,-0.0938744311171158
17837,6,"sigma_time",9,61,-0.180726148159267,-0.0130268737180113,1.01951841536682,-0.130278234005704
17837,6,"sigma_time",10,61,-0.0556468007843842,-0.0150925868013438,0.994901604161748,-0.120375529104557
17837,6,"sigma_time",11,61,-0.0768659158059212,0.0103231031329207,0.991530922911608,-0.130581084323045
17837,6,"sigma_time",12,61,0.0571567697439591,0.0246465098590678,1.00088635350771,-0.108485298855137
17837,12,"sigma_time",1,60,-0.0326833221955646,-0.0173434344676557,0.984008600251545,-0.12411090751531
17837,12,"sigma_time",2,60,-0.0401010414655506,-0.0190479188006091,0.993300507517889,-0.10138997152531
17837,12,"sigma_time",3,60,-0.0464703631912138,-0.0158852072118141,0.987343410876049,-0.105050420772428
17837,12,"sigma_time",4,60,-0.0974516539425969,-0.00774809873042484,0.988565152291867,-0.0916930064030864
17837,12,"sigma_time",5,60,-0.125337816689979,0.00366988549014377,0.99896268653633,-0.0984474568049623
17837,12,"sigma_time",6,60,-0.105938127215887,-0.00362597572600931,0.994325053660914,-0.1006212876385
17837,12,"sigma_time",7,60,-0.144018683197945,-0.00624060851777246,0.990508065326781,-0.105541730134462
17837,12,"sigma_time",8,60,-0.116408817829076,-0.0174974196363438,0.987102628511733,-0.0935233127806114
17837,12,"sigma_time",9,60,-0.0566959133707204,-0.0194635070022764,0.987659818463156,-0.100938835873722
17837,12,"sigma_time",10,60,-0.0335190385433837,-0.0321421595450673,0.984465892943406,-0.123471312243041
17837,12,"sigma_time",11,60,-0.0648042850174965,-0.023141099487021,0.989416014125204,-0.170659996321221
17837,12,"sigma_time",12,60,-0.00180188326077637,-0.0163542397301776,0.988394262630332,-0.152970204103654
17840,1,"sigma_time",1,60,0.0121389031243921,-0.0048523951907942,1.00614448317388,-0.0400308383333321
17840,1,"sigma_time",2,61,-0.0483928637519106,-0.000943859386360869,0.996331425047216,-0.0742835954713916
17840,1,"sigma_time",3,61,0.0540422506770482,-0.00102070281188423,1.03076552980789,-0.0216826347004648
17840,1,"sigma_time",4,61,-0.0237296349971582,-0.0225056310803744,0.9994823529167,-0.0681281509985833
17840,1,"sigma_time",5,61,0.0831253105462402,-0.0224059535096543,1.0053182633959,-0.0385745310933348
17840,1,"sigma_time",6,61,0.076687928059433,0.0165079952776787,1.00948525088611,-0.0678658657460564
17840,1,"sigma_time",7,61,-0.0399244151885823,0.0038527261190061,0.996531025165038,-0.210606640594421
17840,1,"sigma_time",8,61,-0.026834368214445,0.00112607949413212,1.00642289348767,-0.0911829402214788
17840,1,"sigma_time",9,61,-0.0546518025481099,0.00678728459658961,1.00587032109105,-0.0732602602706927
17840,1,"sigma_time",10,61,0.0189235461673132,0.00597234726970263,0.990597709992911,-0.114293473372226
17840,1,"sigma_time",11,61,0.0689017348046449,0.00187516263257542,1.00672285725544,-0.0999302774994698
17840,1,"sigma_time",12,61,-0.200403106464112,-0.011903370540987,0.994155815711814,-0.12920941643709
17840,3,"sigma_time",1,60,-0.227406093593609,-0.0223641761647249,0.987280795253986,-0.059349735107303
17840,3,"sigma_time",2,60,0.0361778888690984,-0.0277437353448052,0.989430084872337,-0.0629668318671633
17840,3,"sigma_time",3,60,0.188085066322422,-0.0257728268861865,1.0026485011271,-0.0371631126693281
17840,3,"sigma_time",4,61,-0.00717110323222607,-0.0218406225983072,1.01514246938838,-0.0566028094132159
17840,3,"sigma_time",5,61,0.05546904778239,-0.0252358531906981,1.00094041172067,-0.0876137322798184
17840,3,"sigma_time",6,61,0.0177293094117775,-0.0181295039463296,0.998195723601509,-0.0924322961865966
17840,3,"sigma_time",7,61,0.124770056413365,-0.0138224696981023,0.993739011059041,-0.142989327927972
17840,3,"sigma_time",8,61,0.0201228116941208,0.016215844890633,0.998001442917235,-0.122514647338377
17840,3,"sigma_time",9,61,-0.0229486040161563,0.013132446873615,1.0056137968332,-0.0892823280113449
17840,3,"sigma_time",10,61,0.0963997933374351,0.0168298970510918,1.00087951958989,-0.108236901703322
17840,3,"sigma_time",11,61,0.242776218953447,0.0146154869896244,0.9848826643149,-0.108760301355921
17840,3,"sigma_time",12,61,-0.0727713424500155,-0.00490884210762741,0.985174770249029,-0.0869549927067
17840,6,"sigma_time",1,60,0.035495555558267,-0.000800740870862212,0.989511820757634,-0.0688353408284499
17840,6,"sigma_time",2,60,0.098082694107191,-0.0022261355099614,0.995355382040765,-0.0687500548467922
17840,6,"sigma_time",3,60,0.033262921418425,-0.00922028155022379,1.00432554544511,-0.0561592794734413
17840,6,"sigma_time",4,60,-0.0254655606517689,-0.0253019623510735,0.983238238499765,-0.0692584724622063
17840,6,"sigma_time",5,60,0.125921452952076,-0.0567610036898582,1.0033087189557,-0.0610281897083955
17840,6,"sigma_time",6,60,0.0820905057267629,-0.0345433232947283,1.00641106639665,-0.0593145901725071
17840,6,"sigma_time",7,61,0.0571033579685135,-0.0207153191412068,1.01221317707487,-0.0700162646192264
17840,6,"sigma_time",8,61,0.0554529329287203,-0.00327812328341404,0.999196134570132,-0.0964806653830341
17840,6,"sigma_time",9,61,0.0818529167905705,0.0118311326855962,0.990762578582728,-0.134446426287165
17840,6,"sigma_time",10,61,0.240011701055844,-0.0069606417940754,0.99373162437238,-0.0894544079133179
17840,6,"sigma_time",11,61,0.230591004636512,0.0115386860475379,0.988440956968836,-0.115526775683547
17840,6,"sigma_time",12,61,0.138082299208547,0.00275557670403916,0.975151605035552,-0.0939431501294019
17840,12,"sigma_time",1,60,0.082670198009628,-0.0151858848597195,0.998405513382646,-0.0676279547261805
17840,12,"sigma_time",2,60,0.102042071783235,-0.0289307287830108,0.991514951628541,-0.0616857644605294
17840,12,"sigma_time",3,60,0.111458106709154,-0.043838906864625,0.987510196803796,-0.0595726477066855
17840,12,"sigma_time",4,60,0.117251030092116,-0.0485221438990523,0.985950160836136,-0.0649142816955951
17840,12,"sigma_time",5,60,0.143050195758953,-0.0379895162174432,0.991831014326954,-0.0702290740051261
17840,12,"sigma_time",6,60,0.1469019587026,-0.0112852580856288,0.987328896434046,-0.0780162344626439
17840,12,"sigma_time",7,60,0.088224462193443,-0.00911138707724978,0.98850489924892,-0.0784230250051669
17840,12,"sigma_time",8,60,0.0697701336640974,-0.00393646174056674,0.992001061594959,-0.0788199629648732
17840,12,"sigma_time",9,60,0.039905770363981,-0.00276289812897304,0.992670455126817,-0.0810889104440864
17840,12,"sigma_time",10,60,0.0832504100444677,-0.00906295891315372,0.995612890057253,-0.0814184380458174
17840,12,"sigma_time",11,60,0.176480546707542,-0.00635748544082184,1.00562890065105,-0.0780290149810794
17840,12,"sigma_time",12,60,0.155630125756691,-0.0131137406999086,0.996216674247173,-0.0740410282631553
17906,3,"sigma_time",1,60,0.0738002734868746,-0.023861336926406,1.00255828337593,0.00456267426998458
17906,3,"sigma_time",2,60,0.058040032131962,-0.0226551302568441,0.996128085425349,0.0219908528517728
17906,3,"sigma_time",3,60,-0.0254570413769441,-0.00519453505112361,0.996148762045737,0.0210965251372995
17906,3,"sigma_time",4,61,-0.263594059640595,-0.0333247953332194,0.991537184186631,-0.0235404671744178
17906,3,"sigma_time",5,61,-0.211597726340586,-0.0282507205902238,0.993288981068079,-0.0415830123633617
17906,3,"sigma_time",6,61,-0.0819509744513584,-0.0408143541496857,0.995421275837595,-0.0384960272603345
17906,3,"sigma_time",7,61,-0.135857556486831,-0.0303821388304015,0.985915759341016,-0.076827346613877
17906,3,"sigma_time",8,61,0.0484402427690001,-0.0199014228851287,0.989882123821952,-0.088292650800083
17906,3,"sigma_time",9,61,-0.262032230586017,0.023159651616512,1.00377838428654,-0.142386644399386
17906,3,"sigma_time",10,61,-0.0592767949059741,0.0028042405458587,1.01014913510806,-0.113359060783161
17906,3,"sigma_time",11,61,0.119712820728293,-0.00283234558267674,0.990600564152284,-0.0939410453055648
17906,3,"sigma_time",12,61,0.0346671430925341,-0.0239601215764353,0.986328582260425,-0.0547625591605038
17906,6,"sigma_time",1,60,-0.0297254743637233,-0.0255791145016845,1.00221720460959,-0.0325307590848657
17906,6,"sigma_time",2,60,-0.0256688783755109,-0.0282186793376432,0.991136179368443,-0.0051545018790564
17906,6,"sigma_time",3,60,0.13018760631764,-0.0245998245561244,0.996889554603821,-0.0151851912922019
17906,6,"sigma_time",4,60,-0.102207704530764,-0.0261501323908163,0.99943143611863,-0.0213396599423448
17906,6,"sigma_time",5,60,-0.131091619450722,-0.0313161954642215,0.985784041092018,-0.0254330908461667
17906,6,"sigma_time",6,60,-0.042072140005507,-0.0522201089320685,1.00128507710556,-0.0237936365557775
17906,6,"sigma_time",7,61,-0.159249585956941,-0.0460863371673596,0.995294754633605,-0.0326530424078327
17906,6,"sigma_time",8,61,-0.124628133642624,-0.0554477430082159,0.994655084306785,-0.0412550107885008
17906,6,"sigma_time",9,61,-0.163166621555532,-0.0457727565216795,0.997717976483269,-0.0540002777549244
17906,6,"sigma_time",10,61,-0.111315290723839,-0.0170666678784674,0.999709201263514,-0.0729934413563638
17906,6,"sigma_time",11,61,-0.106600476777479,-0.0225102867932479,0.992819392751489,-0.0572500333625994
17906,6,"sigma_time",12,61,0.000806447713121718,-0.0147280480870709,0.984594907268523,-0.0686820570176827
17906,12,"sigma_time",1,60,-0.137403357528891,-0.0486126458389882,0.988650915849644,-0.0385229422174765
17906,12,"sigma_time",2,60,-0.102888312982059,-0.038987856041306,0.988814532599985,-0.0446851887544513
17906,12,"sigma_time",3,60,-0.0556221891343503,-0.0239609524328583,0.989857182232405,-0.0668767749788568
17906,12,"sigma_time",4,60,-0.0271257396345216,-0.01009706564055,0.986638836890267,-0.0563488626818413
17906,12,"sigma_time",5,60,-0.260520720733933,-0.0259449959502291,0.993220187353319,-0.0375340005817941
17906,12,"sigma_time",6,60,-0.182864712733134,-0.0318544923001264,0.989441737186243,-0.04502748858922
17906,12,"sigma_time",7,60,-0.212796861669314,-0.0270240845457336,0.987760147827151,-0.0489551564015194
17906,12,"sigma_time",8,60,-0.214363429954807,-0.0289524309368297,0.986140889965826,-0.0450724867310161
17906,12,"sigma_time",9,60,-0.222391579391254,-0.0309339758276413,0.990867555933382,-0.0452415811150856
17906,12,"sigma_time",10,60,-0.187525294863524,-0.0325298335232228,0.99700614148853,-0.0496515840208703
17906,12,"sigma_time",11,60,-0.185967118758959,-0.0266479518281702,0.994306177695174,-0.0513415756388295
17906,12,"sigma_time",12,60,-0.0907525760006045,-0.0462181161328129,0.994208827290511,-0.0400335303774891
17936,6,"sigma_time",1,60,-0.136103578492878,-0.0160051538003386,0.995220394710368,-0.0493490399280515
17936,6,"sigma_time",2,60,-0.19356917342398,-0.0127986899455416,0.988733283413165,-0.047773927044165
17936,6,"sigma_time",3,60,-0.0578901857276729,-0.013071520036538,0.994225405640093,-0.0595518701368836
17936,6,"sigma_time",4,60,-0.0823655331739762,-0.0120383026326463,0.983280130301795,-0.0782824205089876
17936,6,"sigma_time",5,60,0.042819112110092,-0.00586546147623391,0.984131370507096,-0.0721511676021063
17936,6,"sigma_time",6,60,0.111091475600622,-0.010353825313542,0.9867198854446,-0.0549612287937576
17936,6,"sigma_time",7,61,-0.0263872980049224,-0.0212582648336585,1.00891617491611,-0.0605496394637462
17936,6,"sigma_time",8,61,0.0523037165753646,-0.0113937235367643,0.986189444506938,-0.113407595456876
17936,6,"sigma_time",9,61,0.10935923492568,-0.0216940606456833,0.982532516964648,-0.111611763566063
17936,6,"sigma_time",10,61,0.0146726445400067,-0.0163617891201049,1.00212425174312,-0.0393496481758063
17936,6,"sigma_time",11,61,-0.0867522315513582,-0.0280572423481891,0.990904853048722,-0.0721532339735567
17936,6,"sigma_time",12,61,-0.289652921163637,-0.0103022389528519,0.985580537832808,-0.0972195764527766
17936,12,"sigma_time",1,60,0.0564470280885285,-0.0189020412613514,0.989818773885481,-0.0707821444933017
17936,12,"sigma_time",2,60,0.0267978509682937,-0.0125506983477149,0.988769214561022,-0.0674556639722463
17936,12,"sigma_time",3,60,0.0543709513158218,-0.0174912938236554,0.994349155023982,-0.0535437959130589
17936,12,"sigma_time",4,60,-0.0546385605526731,-0.00809245443923201,0.992523798484194,-0.0652705899862254
17936,12,"sigma_time",5,60,-0.106988789647282,-0.00417965027478798,0.985573341677806,-0.0707922204176577
17936,12,"sigma_time",6,60,-0.0699012191268717,-0.00790491991154133,0.984207455189759,-0.0644897730780026
17936,12,"sigma_time",7,60,-0.0259654995688426,-0.00884477694106223,0.990541876054657,-0.0617896681678269
17936,12,"sigma_time",8,60,-0.0591275000644773,-0.004301147622411,0.988650990707928,-0.0672910374734412
17936,12,"sigma_time",9,60,-0.00445993602834564,-0.00722850891892092,0.996615278272804,-0.0644868239566783
17936,12,"sigma_time",10,60,0.00439942278116702,-0.0155668481847792,0.986138285603296,-0.0772298104088197
17936,12,"sigma_time",11,60,0.026364068243526,-0.019274642827632,0.983444167661634,-0.0663349247863194
17936,12,"sigma_time",12,60,0.061427941599497,-0.021765453782959,0.992968180795086,-0.0496135769987175
