"station","scale_months","model","fitted_months","converged_months","inference_ready_months","boundary_contact_months","n","df","deviance","AIC","AICc","BIC","min_lower_minus_mu"
"17351",1,"stationary",12,12,12,0,731,36,7211.95474395951,7283.95474395951,7287.7933606742,7449.3536285105,4.41328534344015
"17351",1,"sigma_time",12,12,12,0,731,48,7198.801963573,7294.801963573,7301.69932427681,7515.33380964099,4.52989838082647
"17351",1,"nu_time",12,12,12,0,731,48,7204.24835658159,7300.24835658159,7307.1457172854,7520.78020264958,4.72373809778813
"17351",1,"sigma_nu_time",12,12,12,0,731,60,7189.73566421029,7309.73566421029,7320.66103734462,7585.40047179528,5.29522551107232
"17351",3,"stationary",12,12,12,0,729,36,8316.78461200193,8388.78461200193,8392.63432298458,8554.08486635424,13.216013515373
"17351",3,"sigma_time",12,12,12,0,729,48,8302.09173694326,8398.09173694326,8405.00938400208,8618.49207607967,13.7290544048192
"17351",3,"nu_time",12,12,12,0,729,48,8305.64693348663,8401.64693348663,8408.56458054546,8622.04727262305,8.70273352976375
"17351",3,"sigma_nu_time",12,12,12,0,729,60,8293.60350006803,8413.60350006803,8424.56158390037,8689.10392398855,11.1166272060879
"17351",6,"stationary",12,12,12,0,726,36,9023.1273195409,9095.1273195409,9098.99379269039,9260.2791200746,47.9681768041388
"17351",6,"sigma_time",12,12,12,0,726,48,9015.90890551653,9111.90890551653,9118.85720684593,9332.11130622812,48.9965595744904
"17351",6,"nu_time",12,12,12,0,726,48,9017.28122282326,9113.28122282326,9120.22952415266,9333.48362353485,48.1947371586052
"17351",6,"sigma_nu_time",12,12,12,0,726,60,9010.88936926817,9130.88936926817,9141.89688806516,9406.14237015766,49.1512332003491
"17351",12,"stationary",12,12,12,0,720,36,9652.90028923286,9724.90028923286,9728.80072847152,9889.75333286523,182.364736491783
"17351",12,"sigma_time",12,12,12,0,720,48,9649.29674618827,9745.29674618827,9752.30717837903,9965.10080436475,183.105021582297
"17351",12,"nu_time",12,12,12,0,720,48,9649.14792487043,9745.14792487043,9752.15835706119,9964.95198304691,185.346942596596
"17351",12,"sigma_nu_time",12,12,12,0,720,60,9645.23405745831,9765.23405745831,9776.34179645679,10039.9891301789,186.142630992064
"17802",1,"stationary",12,12,12,0,731,36,6715.37098195189,6787.37098195189,6791.20959866659,6952.76986650288,20.6118133539136
"17802",1,"sigma_time",12,12,12,0,731,48,6672.80834419612,6768.80834419612,6775.70570489993,6989.34019026411,20.8160012587302
"17802",1,"nu_time",12,12,12,0,731,48,6708.89776792852,6804.89776792852,6811.79512863234,7025.42961399651,20.6626529925054
"17802",1,"sigma_nu_time",12,12,12,0,731,60,6666.72739145913,6786.72739145913,6797.65276459346,7062.39219904412,21.320621936634
"17802",3,"stationary",12,12,12,0,729,36,7747.11779592321,7819.11779592321,7822.96750690587,7984.41805027553,69.3225211980386
"17802",3,"sigma_time",12,12,12,0,729,48,7653.23737471889,7749.23737471889,7756.15502177771,7969.63771385531,73.3924109153496
"17802",3,"nu_time",12,12,12,0,729,48,7734.10923926839,7830.10923926839,7837.02688632721,8050.5095784048,71.2695118626359
"17802",3,"sigma_nu_time",12,12,12,0,729,60,7644.76510066828,7764.76510066828,7775.72318450062,8040.2655245888,72.5704244808069
"17802",6,"stationary",12,12,12,0,726,36,8314.76464802344,8386.76464802344,8390.63112117293,8551.91644855713,229.398189242226
"17802",6,"sigma_time",12,12,12,0,726,48,8141.52971698598,8237.52971698598,8244.47801831537,8457.73211769757,236.046678297325
"17802",6,"nu_time",12,12,12,0,726,48,8290.86388087771,8386.86388087771,8393.8121822071,8607.0662815893,224.446247555455
"17802",6,"sigma_nu_time",12,12,12,0,726,60,8131.20743315531,8251.20743315531,8262.2149519523,8526.46043404479,242.785285374348
"17802",12,"stationary",12,12,12,0,720,36,8860.56207937436,8932.56207937436,8936.46251861301,9097.41512300672,508.189286294328
"17802",12,"sigma_time",12,12,12,0,720,48,8598.88000586598,8694.88000586598,8701.89043805674,8914.68406404246,513.087329622092
"17802",12,"nu_time",12,12,12,0,720,48,8799.32788546325,8895.32788546325,8902.33831765401,9115.13194363973,491.458729790397
"17802",12,"sigma_nu_time",12,12,12,0,720,60,8577.17495026838,8697.17495026838,8708.28268926686,8971.93002298898,513.521212946965
"17837",1,"stationary",12,12,12,0,731,36,6698.67901187434,6770.67901187434,6774.51762858903,6936.07789642533,14.1651443528132
"17837",1,"sigma_time",12,12,12,0,731,48,6620.64492390872,6716.64492390872,6723.54228461253,6937.1767699767,14.5311845146236
"17837",1,"nu_time",12,12,12,0,731,48,6687.64369729569,6783.64369729569,6790.5410579995,7004.17554336368,9.96111718831605
"17837",1,"sigma_nu_time",12,12,12,0,731,60,6612.6393160993,6732.6393160993,6743.56468923363,7008.30412368429,9.12532779328998
"17837",3,"stationary",12,12,12,0,729,36,7713.9812892814,7785.9812892814,7789.83100026406,7951.28154363371,35.3642827542146
"17837",3,"sigma_time",12,12,12,0,729,48,7572.81533051079,7668.81533051079,7675.73297756962,7889.21566964721,37.8702118699908
"17837",3,"nu_time",12,12,12,0,729,48,7694.19552165242,7790.19552165242,7797.11316871125,8010.59586078884,15.6071516089712
"17837",3,"sigma_nu_time",12,12,12,0,729,60,7561.18688624784,7681.18688624784,7692.14497008018,7956.68731016836,35.5654492339139
"17837",6,"stationary",12,12,12,0,726,36,8331.56418897989,8403.56418897989,8407.43066212938,8568.71598951358,135.303548248879
"17837",6,"sigma_time",12,12,12,0,726,48,8095.20223093527,8191.20223093527,8198.15053226466,8411.40463164686,148.826402522447
"17837",6,"nu_time",12,12,11,1,726,48,8292.01629817806,8388.01629817806,8394.96459950745,8608.21869888965,5.11590769747272e-13
"17837",6,"sigma_nu_time",12,12,12,0,726,60,8078.11204076317,8198.11204076317,8209.11955956016,8473.36504165266,12.1110147628065
"17837",12,"stationary",12,12,12,0,720,36,8944.84257410167,9016.84257410167,9020.74301334032,9181.69561773403,237.09681594702
"17837",12,"sigma_time",12,12,12,0,720,48,8597.88351743019,8693.88351743019,8700.89394962095,8913.68757560667,245.117016011005
"17837",12,"nu_time",12,12,12,0,720,48,8899.70289895756,8995.70289895756,9002.71333114832,9215.50695713405,50.5549924889635
"17837",12,"sigma_nu_time",12,12,12,0,720,60,8590.92938359756,8710.92938359756,8722.03712259604,8985.68445631817,326.810619966163
"17840",1,"stationary",12,12,12,0,731,36,6899.07362706304,6971.07362706304,6974.91224377773,7136.47251161403,11.2896709314703
"17840",1,"sigma_time",12,12,12,0,731,48,6828.39497006541,6924.39497006541,6931.29233076922,7144.9268161334,11.6959436118595
"17840",1,"nu_time",12,12,12,0,731,48,6866.29802221754,6962.29802221754,6969.19538292135,7182.82986828553,1.34198552551806
"17840",1,"sigma_nu_time",12,12,12,0,731,60,6810.0735799946,6930.0735799946,6940.99895312893,7205.73838757958,6.59386835470883
"17840",3,"stationary",12,12,12,0,729,36,7993.28355083207,8065.28355083207,8069.13326181473,8230.58380518438,60.5002550225137
"17840",3,"sigma_time",12,12,12,0,729,48,7876.77075346005,7972.77075346005,7979.68840051888,8193.17109259647,61.5452493861496
"17840",3,"nu_time",12,12,12,0,729,48,7949.80645703971,8045.80645703971,8052.72410409854,8266.20679617613,17.4856069737285
"17840",3,"sigma_nu_time",12,12,12,0,729,60,7863.64177515431,7983.64177515431,7994.59985898664,8259.14219907483,22.334098136489
"17840",6,"stationary",12,12,12,0,726,36,8637.28814579244,8709.28814579244,8713.15461894194,8874.43994632614,217.028193465697
"17840",6,"sigma_time",12,12,12,0,726,48,8461.24132645892,8557.24132645892,8564.18962778832,8777.44372717052,220.411940894314
"17840",6,"nu_time",12,12,12,0,726,48,8564.12323879286,8660.12323879286,8667.07154012226,8880.32563950445,22.6623303623106
"17840",6,"sigma_nu_time",12,12,12,0,726,60,8446.47280348514,8566.47280348514,8577.48032228213,8841.72580437463,190.896099687374
"17840",12,"stationary",12,12,12,0,720,36,9267.75658287812,9339.75658287812,9343.65702211677,9504.60962651049,745.148370194229
"17840",12,"sigma_time",12,12,12,0,720,48,9013.63086056316,9109.63086056316,9116.64129275392,9329.43491873964,751.476016403614
"17840",12,"nu_time",12,12,12,0,720,48,9161.33752797908,9257.33752797908,9264.34796016984,9477.14158615556,714.144440028958
"17840",12,"sigma_nu_time",12,12,12,0,720,60,9000.88544644448,9120.88544644448,9131.99318544296,9395.64051916509,758.581614406603
"17906",1,"stationary",12,12,12,0,731,36,6443.42302069045,6515.42302069045,6519.26163740515,6680.82190524145,8.16010496409444
"17906",1,"sigma_time",12,12,12,0,731,48,6417.84486920555,6513.84486920555,6520.74222990937,6734.37671527354,8.34361206338511
"17906",1,"nu_time",12,12,12,0,731,48,6419.98420153039,6515.98420153039,6522.88156223421,6736.51604759838,7.01325121510723
"17906",1,"sigma_nu_time",12,12,12,0,731,60,6398.11766192951,6518.11766192951,6529.04303506384,6793.7824695145,6.84087960943864
"17906",3,"stationary",12,12,12,0,729,36,7383.47410314471,7455.47410314471,7459.32381412737,7620.77435749702,25.0964649471322
"17906",3,"sigma_time",12,12,12,0,729,48,7343.27553758258,7439.27553758258,7446.19318464141,7659.675876719,25.804387168358
"17906",3,"nu_time",12,12,12,0,729,48,7367.43386402549,7463.43386402549,7470.35151108432,7683.83420316191,7.8288198430177
"17906",3,"sigma_nu_time",12,12,12,0,729,60,7333.78164417023,7453.78164417023,7464.73972800256,7729.28206809075,14.8655881311236
"17906",6,"stationary",12,12,12,0,726,36,8000.74831193508,8072.74831193508,8076.61478508458,8237.90011246878,127.831066410183
"17906",6,"sigma_time",12,12,12,0,726,48,7959.26374871711,8055.26374871711,8062.2120500465,8275.4661494287,131.657875412397
"17906",6,"nu_time",12,12,12,0,726,48,7993.02975784959,8089.02975784959,8095.97805917898,8309.23215856118,127.578272417947
"17906",6,"sigma_nu_time",12,12,12,0,726,60,7953.78330491994,8073.78330491994,8084.79082371693,8349.03630580943,131.500605660395
"17906",12,"stationary",12,12,12,0,720,36,8499.02771118901,8571.02771118901,8574.92815042767,8735.88075482138,185.068402990962
"17906",12,"sigma_time",12,12,12,0,720,48,8444.79565024383,8540.79565024383,8547.80608243459,8760.59970842032,191.407745959744
"17906",12,"nu_time",12,12,12,0,720,48,8489.76593138285,8585.76593138285,8592.77636357361,8805.56998955934,185.627410655956
"17906",12,"sigma_nu_time",12,12,12,0,720,60,8436.17662325965,8556.17662325965,8567.28436225813,8830.93169598025,199.422064429083
"17934",1,"stationary",12,12,12,0,731,36,7056.26064978036,7128.26064978036,7132.09926649506,7293.65953433135,23.7744133142309
"17934",1,"sigma_time",12,12,12,0,731,48,7001.10744030066,7097.10744030066,7104.00480100447,7317.63928636864,24.0698629164534
"17934",1,"nu_time",12,12,12,0,731,48,7046.82338741812,7142.82338741812,7149.72074812193,7363.35523348611,22.0981217436492
"17934",1,"sigma_nu_time",12,12,12,0,731,60,6988.63722571881,7108.63722571881,7119.56259885314,7384.3020333038,23.640546740399
"17934",3,"stationary",12,12,12,0,729,36,8212.17494420668,8284.17494420668,8288.02465518934,8449.475198559,70.9283862183521
"17934",3,"sigma_time",12,12,12,0,729,48,8134.55095717798,8230.55095717798,8237.46860423681,8450.9512963144,71.7905194222391
"17934",3,"nu_time",12,12,12,0,729,48,8205.9734155012,8301.9734155012,8308.89106256002,8522.37375463761,70.871583979155
"17934",3,"sigma_nu_time",12,12,12,0,729,60,8129.09981553484,8249.09981553484,8260.05789936717,8524.60023945536,84.0471769057665
"17934",6,"stationary",12,12,12,0,726,36,8980.65425481862,9052.65425481862,9056.52072796812,9217.80605535232,250.643208997634
"17934",6,"sigma_time",12,12,12,0,726,48,8883.06083450265,8979.06083450265,8986.00913583204,9199.26323521424,251.635685384113
"17934",6,"nu_time",12,12,12,0,726,48,8973.47387921403,9069.47387921403,9076.42218054342,9289.67627992562,248.184123556028
"17934",6,"sigma_nu_time",12,12,12,0,726,60,8879.4321463088,8999.4321463088,9010.4396651058,9274.68514719829,306.44920448357
"17934",12,"stationary",12,12,12,0,720,36,9629.09374008115,9701.09374008115,9704.9941793198,9865.94678371351,813.67472658079
"17934",12,"sigma_time",12,12,12,0,720,48,9485.15554010995,9581.15554010995,9588.16597230071,9800.95959828643,836.622717172243
"17934",12,"nu_time",12,12,12,0,720,48,9616.40216614508,9712.40216614508,9719.41259833584,9932.20622432157,814.263222930592
"17934",12,"sigma_nu_time",12,12,12,0,720,60,9477.24683260033,9597.24683260033,9608.35457159881,9872.00190532094,838.124096958375
"17936",1,"stationary",12,12,12,0,731,36,7689.10660010403,7761.10660010403,7764.94521681872,7926.50548465502,7.61131754863814
"17936",1,"sigma_time",12,12,12,0,731,48,7671.8960075654,7767.8960075654,7774.79336826921,7988.42785363339,7.96256876789818
"17936",1,"nu_time",12,12,12,0,731,48,7679.17462246115,7775.17462246115,7782.07198316496,7995.70646852914,5.57417756209425
"17936",1,"sigma_nu_time",12,12,12,0,731,60,7662.63056831307,7782.63056831307,7793.5559414474,8058.29537589805,4.96879517028377
"17936",3,"stationary",12,12,12,0,729,36,8751.54512336459,8823.54512336459,8827.39483434725,8988.8453777169,18.662687004927
"17936",3,"sigma_time",12,12,12,0,729,48,8724.95883836729,8820.95883836729,8827.87648542611,9041.3591775037,19.2623212562706
"17936",3,"nu_time",12,12,12,0,729,48,8742.9502958226,8838.9502958226,8845.86794288142,9059.35063495901,17.0484746391406
"17936",3,"sigma_nu_time",12,12,12,0,729,60,8717.22948236337,8837.22948236337,8848.1875661957,9112.72990628388,17.3390435673128
"17936",6,"stationary",12,12,12,0,726,36,9419.06693071339,9491.06693071339,9494.93340386288,9656.21873124708,48.4768037184923
"17936",6,"sigma_time",12,12,12,0,726,48,9380.97592023983,9476.97592023983,9483.92422156923,9697.17832095143,49.0095242965199
"17936",6,"nu_time",12,12,12,0,726,48,9405.85836398497,9501.85836398497,9508.80666531437,9722.06076469656,51.5982183099835
"17936",6,"sigma_nu_time",12,12,12,0,726,60,9372.11334185079,9492.11334185079,9503.12086064778,9767.36634274027,53.9191437345693
"17936",12,"stationary",12,12,12,0,720,36,10084.5095169768,10156.5095169768,10160.4099562154,10321.3625606091,484.028224915235
"17936",12,"sigma_time",12,12,12,0,720,48,10033.3236214377,10129.3236214377,10136.3340536285,10349.1276796142,489.681703216189
"17936",12,"nu_time",12,12,12,0,720,48,10064.5032057577,10160.5032057577,10167.5136379484,10380.3072639341,478.402376889239
"17936",12,"sigma_nu_time",12,12,12,0,720,60,10021.9828182522,10141.9828182522,10153.0905572507,10416.7378909728,486.760215531314
"17981",1,"stationary",12,12,12,0,731,36,7331.2870065132,7403.2870065132,7407.1256232279,7568.68589106419,7.06704733975816
"17981",1,"sigma_time",12,12,12,0,731,48,7324.96125004715,7420.96125004715,7427.85861075096,7641.49309611514,7.17392866781843
"17981",1,"nu_time",12,12,12,0,731,48,7321.73283894054,7417.73283894054,7424.63019964435,7638.26468500853,6.02071528615166
"17981",1,"sigma_nu_time",12,12,12,0,731,60,7313.62486757045,7433.62486757045,7444.55024070478,7709.28967515544,6.98673209750964
"17981",3,"stationary",12,12,12,0,729,36,8497.05195411592,8569.05195411592,8572.90166509858,8734.35220846823,53.5942363931242
"17981",3,"sigma_time",12,12,12,0,729,48,8486.84554441797,8582.84554441797,8589.76319147679,8803.24588355439,55.7601509282864
"17981",3,"nu_time",12,12,12,0,729,48,8484.364446039,8580.364446039,8587.28209309783,8800.76478517542,46.1995088204069
"17981",3,"sigma_nu_time",12,12,12,0,729,60,8473.61033218759,8593.61033218759,8604.56841601992,8869.11075610811,54.0177688800783
"17981",6,"stationary",12,12,12,0,726,36,9233.57198677353,9305.57198677353,9309.43845992302,9470.72378730722,95.9327020718038
"17981",6,"sigma_time",12,12,12,0,726,48,9224.7462039034,9320.7462039034,9327.69450523279,9540.94860461499,99.1781076400586
"17981",6,"nu_time",12,12,12,0,726,48,9229.94977052957,9325.94977052957,9332.89807185896,9546.15217124116,100.874381101371
"17981",6,"sigma_nu_time",12,12,12,0,726,60,9220.34325889871,9340.34325889871,9351.3507776957,9615.5962597882,110.815323207805
"17981",12,"stationary",12,12,12,0,720,36,9895.20267813912,9967.20267813912,9971.10311737777,10132.0557217715,255.866155236162
"17981",12,"sigma_time",12,12,12,0,720,48,9884.40611966656,9980.40611966656,9987.41655185732,10200.210177843,275.579996201461
"17981",12,"nu_time",12,12,12,0,720,48,9889.27683839218,9985.27683839218,9992.28727058294,10205.0808965687,259.412200567817
"17981",12,"sigma_nu_time",12,12,12,0,720,60,9879.04315443673,9999.04315443673,10010.1508934352,10273.7982271573,282.849285085347
