"file","source"
"era_area.csv","analysis/era5_results/final_full_195001_202512/area_weighted_model_fractions.csv"
"era_basin.csv","analysis/era5_results/final_full_195001_202512/basin_model_selection.csv"
"era_fit.csv","analysis/era5_results/final_full_195001_202512/fit_audit.csv"
"era_soil.csv","analysis/era5_results/final_full_195001_202512/soil_moisture_nspei_best_lag.csv"
"figure5_stationary_nonstationary.csv","analysis/seyhan_results/spei_values.csv (date and index columns only)"
"scale_summary.csv","analysis/seyhan_results/scale_summary.csv"
"station_metadata.csv","analysis/seyhan_results/station_metadata.csv"
"station_selection.csv","analysis/seyhan_results/selected_model_summary.csv"
"station_summary.csv","analysis/seyhan_results/station_summary.csv"
"stationary_benchmark.csv","analysis/seyhan_results/stationary_benchmark.csv"
