"station","scale_months","n","correlation_PWM_vs_LL3_MLE","mean_absolute_difference","max_absolute_difference","PWM_extreme_dry_count","LL3_MLE_extreme_dry_count"
17351,1,731,0.996173564568749,0.0526578084151598,0.59916120794177,7,17
17351,3,729,0.997162509733814,0.0509467000250504,0.41994304779126,8,18
17351,6,726,0.997645477745859,0.0459581322668559,0.43479853083034,9,16
17351,12,720,0.996850890872081,0.0583423380708462,0.35873308780065,2,10
17802,1,731,0.997819542926161,0.0454863105887008,0.37484286144831,8,18
17802,3,729,0.997392830705685,0.0511303183624281,0.36104395110697,9,20
17802,6,726,0.995502510791064,0.0665096802305941,0.48493627938845,11,20
17802,12,720,0.992216833339783,0.0891159428099964,0.56605340429437,6,19
17837,1,731,0.997446787222605,0.04768605562383,0.40211838852992,8,19
17837,3,729,0.99676524187136,0.0527885791587903,0.58466471303726,6,20
17837,6,726,0.996386034145068,0.0620978984351227,0.38504347895433,8,18
17837,12,720,0.995814227224371,0.0670985198108258,0.55971046104424,4,24
17840,1,731,0.99816332612269,0.0397396259197281,0.38210020466067,14,19
17840,3,729,0.997040902976753,0.0531539639673752,0.47385779099479,11,16
17840,6,726,0.994899905185601,0.0710725403608799,0.71115951240977,9,22
17840,12,720,0.99078980309604,0.0945687372407845,0.71107875143204,12,21
17906,1,731,0.997864954755304,0.04328978433427,0.34749796916945,9,15
17906,3,729,0.996790313913387,0.0551200112319711,0.35957372546553,4,18
17906,6,726,0.995221997292239,0.0720697992455924,0.45206077446926,3,17
17906,12,720,0.995316167217786,0.0711369541893999,0.49760087121125,3,15
17936,1,731,0.995766237324331,0.0601997025244383,0.66328333784186,3,15
17936,3,729,0.99628382063237,0.0610836406614444,0.57392870253587,4,18
17936,6,726,0.996752220876244,0.0578368540936182,0.32363909929603,4,13
17936,12,720,0.997893162649217,0.0463589162731672,0.34837661400639,5,18
17981,1,731,0.995119205903045,0.0604342790214743,0.73738147829414,13,21
17981,3,729,0.997813752873737,0.0429689850229069,0.31716927603219,11,17
17981,6,726,0.997539061357274,0.0481096986120738,0.33977017742703,6,20
17981,12,720,0.99681971898168,0.0590511009077446,0.33347716954124,2,12
