"station","scale_months","best_nonstationary_model","stationary_AICc","best_nonstationary_AICc","delta_AICc_favoring_nonstationary","inference_status","stationary_boundary_months","nonstationary_boundary_months","correlation_stationary_nonstationary","mean_absolute_difference","max_absolute_difference","observations_abs_difference_ge_0_5","stationary_extreme_dry_count","nonstationary_extreme_dry_count","stationary_slope_per_decade","nonstationary_slope_per_decade","stationary_kendall_p","nonstationary_kendall_p"
17351,1,"sigma_time",7287.7933606742,7301.69932427681,-13.9059636026113,"no_material_support",0,0,0.991020367275472,0.101961492476969,0.382369309880884,0,17,18,-0.00359443663572044,-0.00479618341167711,0.934016119251872,0.99141004086923
17351,3,"sigma_time",8392.63432298458,8405.00938400208,-12.3750610174957,"no_material_support",0,0,0.989576982031531,0.10307589014956,0.504861721944296,1,18,19,-0.00325669654792858,-0.0017756166491498,0.992225046542416,0.997813262470189
17351,6,"sigma_time",9098.99379269039,9118.85720684593,-19.8634141555303,"no_material_support",0,0,0.9947055427002,0.0762337438282515,0.302059281453173,0,16,17,-0.0233220947467692,-0.00979591461969126,0.553967265401063,0.992054606636393
17351,12,"nu_time",9728.80072847152,9752.15835706119,-23.3576285896725,"no_material_support",0,0,0.998838812077586,0.0293792804613872,0.284771721583452,0,10,11,-0.0480561529520584,-0.049802343790799,0.086057201732699,0.0976436736563898
17802,1,"sigma_time",6791.20959866659,6775.70570489993,15.503893766655,"strong_support",0,0,0.971256739142126,0.180294724551446,0.832858880624767,43,18,17,-0.120477019395371,-0.00372551602954519,3.05092312447733e-08,0.983183957992671
17802,3,"sigma_time",7822.96750690587,7756.15502177771,66.81248512816,"strong_support",0,0,0.936275997845349,0.298230638643487,0.843655644969246,117,20,17,-0.183775624934956,0.00825728476573026,4.88703785281792e-19,0.957742795636708
17802,6,"sigma_time",8390.63112117293,8244.47801831537,146.153102857565,"strong_support",0,0,0.886260410566363,0.405654481205773,1.15443108237214,255,20,18,-0.249083879805659,0.00871376490966591,3.1448305478766e-33,0.874252407718503
17802,12,"sigma_time",8936.46251861301,8701.89043805674,234.572080556272,"strong_support",0,0,0.832086557697857,0.500066574365139,1.17785553608584,334,19,15,-0.320098403945767,-0.00594943929046635,2.91966237855613e-50,0.66607020965535
17837,1,"sigma_time",6774.51762858903,6723.54228461253,50.9753439765054,"strong_support",0,0,0.950848259910467,0.23943923763478,1.10599690789936,80,19,22,-0.156043194414624,-0.00143630759164884,3.76428793675168e-14,0.990200244553067
17837,3,"sigma_time",7789.83100026406,7675.73297756962,114.098022694445,"strong_support",0,0,0.908727089433541,0.358798505059438,1.00244450885874,204,20,21,-0.223534019609496,0.00546903099351276,1.63534494422672e-28,0.986637211999689
17837,6,"sigma_time",8407.43066212938,8198.15053226466,209.280129864715,"strong_support",0,0,0.84771851072283,0.472248735805303,1.1697387492597,339,18,21,-0.287769634534299,0.00965253518109125,9.32441573147381e-46,0.901118779849401
17837,12,"sigma_time",9020.74301334032,8700.89394962095,319.849063719374,"strong_support",0,0,0.776475330802368,0.57322959176538,1.4336306593958,420,24,13,-0.355670344973652,0.00199691304800099,7.07260208684495e-67,0.945336956903551
17840,1,"sigma_time",6974.91224377773,6931.29233076922,43.6199130085115,"strong_support",0,0,0.954217497030892,0.236098709540874,0.882518774686367,74,19,22,-0.156024259394476,-0.00262310719190294,1.32534758595841e-13,0.947167052987681
17840,3,"sigma_time",8069.13326181473,7979.68840051888,89.4448612958513,"strong_support",0,0,0.922160461554696,0.330633724947953,0.947601068223983,162,16,16,-0.212405673272207,0.00117895082663839,1.77517666113996e-23,0.939558109636892
17840,6,"sigma_time",8713.15461894194,8564.18962778832,148.964991153616,"strong_support",0,0,0.881600017382036,0.413899004336665,1.01431602240777,260,22,15,-0.264208309775985,0.000721106677574692,6.41435065955327e-35,0.903545216616796
17840,12,"sigma_time",9343.65702211677,9116.64129275392,227.015729362858,"strong_support",0,0,0.83048296419149,0.495861923052017,1.27160094587709,327,21,20,-0.319426445514554,-0.00345762438919798,3.17440799009256e-48,0.637677523989566
17906,1,"sigma_time",6519.26163740515,6520.74222990937,-1.48059250421375,"no_material_support",0,0,0.982685791573857,0.128605299973247,0.813689456297003,17,15,14,-0.0690369882921531,-0.00567041052004184,0.00344568662023887,0.92618215185377
17906,3,"sigma_time",7459.32381412737,7446.19318464141,13.130629485966,"strong_support",0,0,0.972186541709753,0.177796102265133,0.835797238414748,25,18,19,-0.0893227298533753,0.00933768295240474,9.44361429316075e-06,0.872022013204557
17906,6,"sigma_time",8076.61478508458,8062.2120500465,14.4027350380711,"strong_support",0,0,0.971039026542959,0.185961726297848,0.610186095795597,28,17,22,-0.111225842668459,0.010590746588715,6.76843896185024e-08,0.734810645023296
17906,12,"sigma_time",8574.92815042767,8547.80608243459,27.1220679930739,"strong_support",0,0,0.961276763505143,0.234463368380932,0.541690577604598,14,15,18,-0.148329142803894,0.00647546644424505,1.93891492731785e-11,0.697702349972534
17936,1,"sigma_time",7764.94521681872,7774.79336826921,-9.84815145048469,"no_material_support",0,0,0.988241039119781,0.11334902291274,0.504887989615007,1,15,13,-0.077717793487679,-0.00549255422838638,0.00068106167802213,0.981732456963352
17936,3,"sigma_time",8827.39483434725,8827.87648542611,-0.481651078862342,"no_material_support",0,0,0.981468948329152,0.147473569351765,0.625898788405553,16,18,15,-0.098337682777455,-0.00207038136251049,6.36499612816406e-06,0.98906664084594
17936,6,"sigma_time",9494.93340386288,9483.92422156923,11.0091822936502,"strong_support",0,0,0.97299652957094,0.18608460531045,0.683658061792614,23,13,9,-0.125815593309354,-0.00437453192775374,7.28337237569157e-08,0.848970499326468
17936,12,"sigma_time",10160.4099562154,10136.3340536285,24.0759025869829,"strong_support",0,0,0.962806482909093,0.232713108389351,0.561442414005461,6,18,5,-0.161482195194469,-0.00891867683650791,3.69231826473521e-11,0.846495776615541
17981,1,"nu_time",7407.1256232279,7424.63019964435,-17.5045764164543,"no_material_support",0,0,0.996746713071067,0.0484714071504049,0.475151273645422,0,21,20,-0.022699886766701,-0.0214388705231533,0.367014381297196,0.413488183924753
17981,3,"nu_time",8572.90166509858,8587.28209309783,-14.3804279992473,"no_material_support",0,0,0.995474546537847,0.0530716359084545,0.514193295747795,1,17,16,-0.039468738178659,-0.0388213946213994,0.05633674577927,0.063447241794435
17981,6,"sigma_time",9309.43845992302,9327.69450523279,-18.2560453097667,"no_material_support",0,0,0.993938777076182,0.0802990160308047,0.391862462854917,0,20,20,-0.0551116951695878,-0.00237451450911827,0.0200791446760693,0.928098913969633
17981,12,"sigma_time",9971.10311737777,9987.41655185732,-16.3134344795508,"no_material_support",0,0,0.99243743575123,0.101972742121784,0.324670854989788,0,12,10,-0.0740823793973625,-0.00668330032940642,0.00115994103349357,0.811193274538326
