"scale_months","selected_model","cell_count","basin_area_weight_km2","basin_area_percent"
1,"stationary",219,16833.4933480062,81.1784755927104
1,"sigma_time",55,3902.90657216895,18.8215244072896
1,"nu_time",0,0,0
1,"sigma_nu_time",0,0,0
1,"fit_failure",0,0,0
3,"stationary",179,13977.8308124136,67.4072204732805
3,"sigma_time",95,6758.56910776153,32.5927795267195
3,"nu_time",0,0,0
3,"sigma_nu_time",0,0,0
3,"fit_failure",0,0,0
6,"stationary",122,9713.43847399948,46.8424534219603
6,"sigma_time",119,8673.58452751765,41.8278223843417
6,"nu_time",0,0,0
6,"sigma_nu_time",33,2349.37691865804,11.3297241936979
6,"fit_failure",0,0,0
12,"stationary",72,6052.48956876192,29.1877548275544
12,"sigma_time",169,12060.9552453686,58.1632071709519
12,"nu_time",12,1156.92312276562,5.57918986525723
12,"sigma_nu_time",21,1466.03198327904,7.06984813623644
12,"fit_failure",0,0,0
