"series_id","scale_months","model","fitted_months","converged_months","inference_ready_months","boundary_contact_months","n","df","deviance","AIC","AICc","BIC","sigma_slope_median","nu_slope_median"
"basin_area_weighted",1,"stationary",12,12,12,0,912,36,8764.11370273215,8836.11370273215,8839.15827416072,9009.47674237483,NA,NA
"basin_area_weighted",1,"sigma_time",12,12,12,0,912,48,8746.13491474335,8842.13491474335,8847.58566792991,9073.28563426692,-0.024249978282323,NA
"basin_area_weighted",1,"nu_time",12,12,12,0,912,48,8754.85093046216,8850.85093046216,8856.30168364872,9082.00164998573,NA,-0.0548589048070712
"basin_area_weighted",1,"sigma_nu_time",12,12,12,0,912,60,8739.79822108556,8859.79822108556,8868.39986620895,9148.73662049002,-0.026215211954345,-0.0463280652371003
"basin_area_weighted",3,"stationary",12,12,12,0,910,36,10038.6159902446,10110.6159902446,10113.6675366364,10283.899995827,NA,NA
"basin_area_weighted",3,"sigma_time",12,12,12,0,910,48,10016.9759202397,10112.9759202397,10118.4393348739,10344.0212610162,-0.0270171120537986,NA
"basin_area_weighted",3,"nu_time",12,12,12,0,910,48,10029.5705082988,10125.5705082988,10131.033922933,10356.6158490754,NA,-0.0131827960512246
"basin_area_weighted",3,"sigma_nu_time",12,12,12,0,910,60,10007.5789570273,10127.5789570273,10136.2008651545,10416.385632998,-0.0322987349053617,0.0020323151887474
"basin_area_weighted",6,"stationary",12,12,12,0,907,36,10778.8893654813,10850.8893654813,10853.9514344469,11024.0544936855,NA,NA
"basin_area_weighted",6,"sigma_time",12,12,12,0,907,48,10750.5798629547,10846.5798629547,10852.0623804372,11077.4667005602,-0.0310220590056871,NA
"basin_area_weighted",6,"nu_time",12,12,12,0,907,48,10774.6007284225,10870.6007284225,10876.083245905,11101.487566028,NA,-0.0390156484301718
"basin_area_weighted",6,"sigma_nu_time",12,12,12,0,907,60,10743.572611576,10863.572611576,10872.2250938455,11152.1811585829,-0.0303026035129863,-0.00390642209861054
"basin_area_weighted",12,"stationary",12,12,12,0,901,36,11465.7795595987,11537.7795595987,11540.862892932,11710.7057488726,NA,NA
"basin_area_weighted",12,"sigma_time",12,12,12,0,901,48,11426.0771453997,11522.0771453997,11527.5982721602,11752.6453977649,-0.0389735861300763,NA
"basin_area_weighted",12,"nu_time",12,12,12,0,901,48,11455.7323107623,11551.7323107623,11557.2534375229,11782.3005631275,NA,-0.0806425858242665
"basin_area_weighted",12,"sigma_nu_time",12,12,12,0,901,60,11422.9823459414,11542.9823459414,11551.6966316557,11831.1926613979,-0.0351357085001119,-0.0275993933630494
