"scale_months","soil_response_lag_months","n","pearson_correlation","spearman_correlation"
1,0,912,0.469056772551687,0.46629628509363
1,1,911,0.515446660953415,0.509095788953089
1,2,910,0.357633853600098,0.359718377357573
1,3,909,0.256318867446433,0.256658232507668
1,4,908,0.204096392409062,0.193352446775648
1,5,907,0.135518476198454,0.130216648274987
1,6,906,0.0599026419101039,0.0568718648919004
3,0,910,0.708942489781766,0.703068915593505
3,1,909,0.594663261383234,0.587913477894723
3,2,908,0.425613896615574,0.416687950043638
3,3,907,0.31608422625656,0.302372309595613
3,4,906,0.211916305202896,0.203763491198613
3,5,905,0.122555985814563,0.125741556396623
3,6,904,0.0827367907208243,0.0932912553909758
6,0,907,0.681370048605411,0.670538284967348
6,1,906,0.538292944086719,0.527618496380906
6,2,905,0.374553838056636,0.369684931014508
6,3,904,0.27429025680382,0.269729708481629
6,4,903,0.212611271218472,0.219488091256095
6,5,902,0.174080411998735,0.18610152682838
6,6,901,0.135944794267655,0.151074071430857
12,0,901,0.536875619010049,0.5309939764719
12,1,900,0.437730967613566,0.430771560623326
12,2,899,0.324722470316595,0.318019130387389
12,3,898,0.252047203105618,0.24219061751323
12,4,897,0.194336492121005,0.184915655057637
12,5,896,0.154004372400864,0.150210464784184
12,6,895,0.125065062440952,0.120590314788133
